https://boxd.it/1NQw,14560
https://boxd.it/eOCm,419430
https://boxd.it/44PE,123777
https://boxd.it/1VyK,10719
https://boxd.it/nlQC,630240
https://boxd.it/8mi2,275151
https://boxd.it/29GI,762
https://boxd.it/4nw2,135779
https://boxd.it/9vEe,299536
https://boxd.it/89Ja,271110
https://boxd.it/28b0,1771
https://boxd.it/J0,64688
https://boxd.it/ePzI,419704
https://boxd.it/jhY,58916
https://boxd.it/dZrW,399174
https://boxd.it/jLP8,542178
https://boxd.it/2aVO,184
https://boxd.it/1YHU,9428
https://boxd.it/2au4,393
https://boxd.it/hRqk,495415
https://boxd.it/kTDG,569547
https://boxd.it/7IPg,260513
https://boxd.it/1Tnq,11631
https://boxd.it/eDGs,414906
https://boxd.it/27GG,1991
https://boxd.it/8Wy6,287903
https://boxd.it/P2m,45649
https://boxd.it/29zi,808
https://boxd.it/44Cg,123678
https://boxd.it/44PO,123778
https://boxd.it/1Efm,19995
https://boxd.it/DGjw,1048720
https://boxd.it/5f6s,169813
https://boxd.it/1sTE,26914
https://boxd.it/n9yG,625450
https://boxd.it/kUzK,569957
https://boxd.it/5X3C,197599
https://boxd.it/1Z58,9279
https://boxd.it/hRwW,495507
https://boxd.it/1mPQ,29717
https://boxd.it/2yMw,74849
https://boxd.it/n6HU,624348
https://boxd.it/1TWK,11395
https://boxd.it/1WgC,10437
https://boxd.it/1UOs,11031
https://boxd.it/2aYI,165
https://boxd.it/1zOc,22970
https://boxd.it/27q4,2108
https://boxd.it/29qA,862
https://boxd.it/27TU,1902
https://boxd.it/h714,476669
https://boxd.it/27TK,1903
https://boxd.it/1X9C,10074
https://boxd.it/1TNI,11459
https://boxd.it/13E0,39452
https://boxd.it/1WhU,10428
https://boxd.it/d7my,377364
https://boxd.it/ie2q,504299
https://boxd.it/2wRu,948
https://boxd.it/94Hg,290250
https://boxd.it/4pDO,137106
https://boxd.it/29yu,813
https://boxd.it/1RCI,12593
https://boxd.it/tw4c,785084
https://boxd.it/1QuI,13282
https://boxd.it/qxIQ,709192
https://boxd.it/H5s,49010
https://boxd.it/kjMW,555604
https://boxd.it/2E2E,76600
https://boxd.it/207u,8457
https://boxd.it/37pM,87826
https://boxd.it/1ZdG,9078
https://boxd.it/29DO,780
https://boxd.it/oCkK,661374
https://boxd.it/w6pY,81294
https://boxd.it/20eA,8392
https://boxd.it/fkU8,432484
https://boxd.it/1ICY,17473
https://boxd.it/25RW,3049
https://boxd.it/ixvm,512263
https://boxd.it/1Aq6,22538
https://boxd.it/37qK,87818
https://boxd.it/9ssO,298312
https://boxd.it/d0N8,374617
https://boxd.it/8VKg,287628
https://boxd.it/cedw,359871
https://boxd.it/yYZA,928344
https://boxd.it/29VI,641
https://boxd.it/2ONU,80767
https://boxd.it/irGI,509853
https://boxd.it/hQXi,495281
https://boxd.it/hRpG,495404
https://boxd.it/hQZ4,495320
https://boxd.it/hQYA,495275
https://boxd.it/hRpw,495401
https://boxd.it/hRRq,495632
https://boxd.it/hRR6,495631
https://boxd.it/hSBS,495887
https://boxd.it/hQXW,495288
https://boxd.it/hQYK,495314
https://boxd.it/hSBI,495881
https://boxd.it/mltc,605395
https://boxd.it/mlse,605400
https://boxd.it/mltQ,605399
https://boxd.it/hRpQ,495407
https://boxd.it/hRoS,495378
https://boxd.it/1PDa,13685
https://boxd.it/72s,11
https://boxd.it/27Vm,1892
https://boxd.it/27V2,1894
https://boxd.it/5xme,181808
https://boxd.it/3VH2,118340
https://boxd.it/3r58,100402
https://boxd.it/8MHi,284053
https://boxd.it/8MxC,283995
https://boxd.it/3qi6,99861
https://boxd.it/8MH8,284052
https://boxd.it/fegG,429617
https://boxd.it/3vmW,102899
https://boxd.it/2cBQ,68721
https://boxd.it/1C3y,21348
https://boxd.it/2auI,389
https://boxd.it/1aYQ,36253
https://boxd.it/3eWe,92591
https://boxd.it/dka6,382614
https://boxd.it/1Ueu,11282
https://boxd.it/xjO,53121
https://boxd.it/7JOI,260928
https://boxd.it/b1y,62564
https://boxd.it/7NJM,262481
https://boxd.it/8tfY,277834
https://boxd.it/x1OG,93405
https://boxd.it/1Myw,15258
https://boxd.it/8UuQ,287084
https://boxd.it/7Acq,256961
https://boxd.it/6oSs,214990
https://boxd.it/934s,289728
https://boxd.it/h10u,474350
https://boxd.it/2wBc,73861
https://boxd.it/1Xhm,10022
https://boxd.it/1Lwu,15789
https://boxd.it/1LBO,15742
https://boxd.it/3C1m,106646
https://boxd.it/2a46,585
https://boxd.it/gaTc,453395
https://boxd.it/1DkK,20530
https://boxd.it/2DjO,76341
https://boxd.it/6YA,14337
https://boxd.it/1ULy,11049
https://boxd.it/Csm,50958
https://boxd.it/5HBI,188434
https://boxd.it/2l2K,37043
https://boxd.it/JN2,47827
https://boxd.it/24fs,4488
https://boxd.it/28jy,1682
https://boxd.it/1VNg,10625
https://boxd.it/aaie,315162
https://boxd.it/Arx8,965171
https://boxd.it/27bI,2210
https://boxd.it/2a9q,550
https://boxd.it/b2ck,334495
https://boxd.it/rHsg,738173
https://boxd.it/6YK,38
https://boxd.it/1Mne,15370
https://boxd.it/jydK,536869
https://boxd.it/vvwy,835298
https://boxd.it/1TGi,11511
https://boxd.it/2aGE,284
https://boxd.it/29W2,639
https://boxd.it/1SYq,11836
https://boxd.it/djKC,382437
https://boxd.it/UEq,43371
https://boxd.it/Fds4,1089650
https://boxd.it/26uu,2665
https://boxd.it/24CG,4247
https://boxd.it/jUk4,545611
https://boxd.it/1XBQ,9886
https://boxd.it/237s,5336
https://boxd.it/gnxS,458506
https://boxd.it/1Z66,9273
https://boxd.it/IQ,64689
https://boxd.it/ce74,359724
https://boxd.it/1YhC,9595
https://boxd.it/23BW,4944
https://boxd.it/lnRy,581734
https://boxd.it/1Yte,9522
https://boxd.it/1XMu,9799
https://boxd.it/2baY,88
https://boxd.it/28qk,1637
https://boxd.it/2a4g,584
https://boxd.it/1Pnm,13804
https://boxd.it/1Yeo,9615
https://boxd.it/BgO,51497
https://boxd.it/2UG6,82992
https://boxd.it/5cVs,168259
https://boxd.it/bbCw,337339
https://boxd.it/dnDA,384018
https://boxd.it/1SWu,11849
https://boxd.it/dqsU,385128
https://boxd.it/27qy,2105
https://boxd.it/28Gi,1496
https://boxd.it/Cpi,50977
https://boxd.it/6CCe,223702
https://boxd.it/2Vpq,83310
https://boxd.it/2be2,68
https://boxd.it/1Qke,13370
https://boxd.it/ndNK,627096
https://boxd.it/28qa,1639
https://boxd.it/205y,8487
https://boxd.it/231O,5491
https://boxd.it/1jdY,31383
https://boxd.it/1TDy,11528
https://boxd.it/26uY,2657
https://boxd.it/FlAA,1093247
https://boxd.it/2706,2292
https://boxd.it/1l08,30593
https://boxd.it/1hvm,32202
https://boxd.it/21hK,6957
https://boxd.it/1YAY,9472
https://boxd.it/7tNa,254470
https://boxd.it/1YOc,9388
https://boxd.it/2ar0,415
https://boxd.it/leq4,577922
https://boxd.it/oeh8,651985
https://boxd.it/3OsE,114150
https://boxd.it/1Xrm,9955
https://boxd.it/2XiQ,84060
https://boxd.it/2beQ,63
https://boxd.it/1U16,11368
https://boxd.it/5baU,167104
https://boxd.it/29Ww,636
https://boxd.it/bUre,353616
https://boxd.it/1r8s,27716
https://boxd.it/1KTs,16070
https://boxd.it/1XXC,9725
https://boxd.it/2ajq,473
https://boxd.it/ljDs,579974
https://boxd.it/i1vE,499537
https://boxd.it/1XX8,9728
https://boxd.it/GWK,49069
https://boxd.it/Sog,44264
https://boxd.it/1a3q,36685
https://boxd.it/1VF2,10677
https://boxd.it/7dEc,245891
https://boxd.it/1DTq,20196
https://boxd.it/2qow,71668
https://boxd.it/27dO,2196
https://boxd.it/hN1A,493529
https://boxd.it/1uX4,25872
https://boxd.it/drIu,385687
https://boxd.it/1O8A,14421
https://boxd.it/Jtc,47955
https://boxd.it/1XDs,9876
https://boxd.it/2XEM,84172
https://boxd.it/1Kz8,16220
https://boxd.it/1ZXO,8675
https://boxd.it/1OVs,14013
https://boxd.it/122a,40344
https://boxd.it/1tJK,26513
https://boxd.it/1Yws,9502
https://boxd.it/s3ds,747188
https://boxd.it/1Zx2,8942
https://boxd.it/H7QS,1140630
https://boxd.it/aCaW,325712
https://boxd.it/ayGu,324552
https://boxd.it/gmFw,458156
https://boxd.it/azpY,324857
https://boxd.it/mh48,603692
https://boxd.it/20tg,8220
https://boxd.it/5RFA,194662
https://boxd.it/8r0i,276909
https://boxd.it/mL9M,615643
https://boxd.it/1YrW,9530
https://boxd.it/1Ink,17610
https://boxd.it/1YTG,9353
https://boxd.it/780m,242582
https://boxd.it/29J8,747
https://boxd.it/6kba,212063
https://boxd.it/2cCk,68718
https://boxd.it/1Qn8,13348
https://boxd.it/1iXG,31498
https://boxd.it/1LW8,15584
https://boxd.it/1XpU,9965
https://boxd.it/299u,985
https://boxd.it/g8pk,452522
https://boxd.it/2bdo,73
https://boxd.it/27Qw,1923
https://boxd.it/8NH4,284457
https://boxd.it/1YSe,9362
https://boxd.it/1Qw0,13260
https://boxd.it/1z52,23544
https://boxd.it/hCY2,489412
https://boxd.it/4VZ8,157336
https://boxd.it/sDCe,762504
https://boxd.it/29ic,914
https://boxd.it/lScm,593643
https://boxd.it/jhxe,530385
https://boxd.it/1vCw,25538
https://boxd.it/9Gr6,303867
https://boxd.it/210a,7326
https://boxd.it/azp0,324849
https://boxd.it/34Ro,86829
https://boxd.it/dhgK,381518
https://boxd.it/1Pqq,13785
https://boxd.it/2Wng,83666
https://boxd.it/bCLK,346698
https://boxd.it/1Y8A,9651
https://boxd.it/24as,4538
https://boxd.it/21Ic,6418
https://boxd.it/bCF8,346648
https://boxd.it/24QI,4011
https://boxd.it/gnfO,458423
https://boxd.it/yNyo,923939
https://boxd.it/Is80,1172675
https://boxd.it/Is7Q,1172676
https://boxd.it/881G,270487
https://boxd.it/Is8a,1172674
https://boxd.it/jB2q,537996
https://boxd.it/1ZSE,8764
https://boxd.it/1TAO,11545
https://boxd.it/1XWO,9730
https://boxd.it/1Plg,13820
https://boxd.it/OGA,45795
https://boxd.it/a5fa,313369
https://boxd.it/1vLe,25468
https://boxd.it/23um,4995
https://boxd.it/1ZNa,8835
https://boxd.it/28No,1417
https://boxd.it/29EW,773
https://boxd.it/2aHM,275
https://boxd.it/gU8m,471495
https://boxd.it/1NPo,14570
https://boxd.it/20mu,8327
https://boxd.it/1LMs,15668
https://boxd.it/f21E,424781
https://boxd.it/UHk,43353
https://boxd.it/2a7u,562
https://boxd.it/1Z5M,9275
https://boxd.it/2ahu,492
https://boxd.it/z4eg,930564
https://boxd.it/28gO,1701
https://boxd.it/4O24,152601
https://boxd.it/pY8I,694919
https://boxd.it/dYmm,398818
https://boxd.it/k7zG,550757
https://boxd.it/tNWU,792307
https://boxd.it/DIyy,1049638
https://boxd.it/1s34,27327
https://boxd.it/1W8e,10490
https://boxd.it/fcFu,429200
https://boxd.it/25Hi,3116
https://boxd.it/Eg1I,1064003
https://boxd.it/H7PA,1140605
https://boxd.it/zSpy,950810
https://boxd.it/K4NW,1214020
https://boxd.it/GhcQ,1117976
https://boxd.it/FQU2,1106169
https://boxd.it/zSr0,950822
https://boxd.it/Dm2q,1040371
https://boxd.it/LycI,1249403
https://boxd.it/20WM,7446
https://boxd.it/28Vs,1359
https://boxd.it/1Iik,17654
https://boxd.it/1VxC,10726
https://boxd.it/1TZk,11379
https://boxd.it/1UXk,10973
https://boxd.it/1IpA,17592
https://boxd.it/1VfS,10843
https://boxd.it/1XnO,9980
https://boxd.it/2b4m,129
https://boxd.it/iEBG,515001
https://boxd.it/2aHW,274
https://boxd.it/2a1m,603
https://boxd.it/29zs,807
https://boxd.it/728,13
https://boxd.it/2aNK,238
https://boxd.it/Sw0,44214
https://boxd.it/hNVe,493922
https://boxd.it/icFU,503919
https://boxd.it/aNGk,329865
https://boxd.it/2b8y,103
https://boxd.it/jj4y,530915
https://boxd.it/gnV6,458723
https://boxd.it/2aHi,278
https://boxd.it/d0Y6,374720
https://boxd.it/IG,64690
https://boxd.it/hJAw,492188
https://boxd.it/fVJQ,447332
https://boxd.it/29FA,769
https://boxd.it/2ZA8,84892
https://boxd.it/2bf0,62
https://boxd.it/jkPq,531428
https://boxd.it/2a2k,597
https://boxd.it/2aVE,185
https://boxd.it/2bcK,77
https://boxd.it/7T2k,264660
https://boxd.it/2awY,348
https://boxd.it/2ahY,489
https://boxd.it/23De,4935
https://boxd.it/2ab2,539
https://boxd.it/2b0E,153
https://boxd.it/hxL8,487558
https://boxd.it/7Piy,263115
https://boxd.it/aPvy,330459
https://boxd.it/qTKY,718032
https://boxd.it/8H5e,281957
https://boxd.it/2a5e,578
https://boxd.it/2aq2,424
https://boxd.it/28MA,1422
https://boxd.it/71Y,14
https://boxd.it/dYOq,398978
https://boxd.it/27PI,1930
https://boxd.it/2aNq,240
https://boxd.it/mViu,619730
https://boxd.it/29ro,857
https://boxd.it/yohi,913290
https://boxd.it/i7Q4,502033
https://boxd.it/ceBS,359940
https://boxd.it/29XY,627
https://boxd.it/6ZS,28
https://boxd.it/9yzm,300668
https://boxd.it/2b7g,111
https://boxd.it/2b2q,142
https://boxd.it/9ALu,301528
https://boxd.it/2axs,345
https://boxd.it/2aeA,510
https://boxd.it/i4IQ,500840
https://boxd.it/dSQU,396535
https://boxd.it/dZ5G,399057
https://boxd.it/6aig,205596
https://boxd.it/4sr2,138843
https://boxd.it/2a1Q,600
https://boxd.it/7eQy,246741
https://boxd.it/29Js,745
https://boxd.it/71O,15
https://boxd.it/2TTo,82693
https://boxd.it/87wo,270303
https://boxd.it/2aG0,289
https://boxd.it/1Yoo,9552
https://boxd.it/hDMG,489925
https://boxd.it/2agG,497
https://boxd.it/23Fk,4922
https://boxd.it/2bg8,949
https://boxd.it/1SNW,11906
https://boxd.it/20ZQ,7340
https://boxd.it/1RUM,12477
https://boxd.it/8WBu,287947
https://boxd.it/2aOe,235
https://boxd.it/29zM,805
https://boxd.it/2aw0,377
https://boxd.it/29PA,679
https://boxd.it/2a6Q,567
https://boxd.it/2axi,346
https://boxd.it/i2tY,499932
https://boxd.it/2agQ,496
https://boxd.it/28Uk,1366
https://boxd.it/29Go,764
https://boxd.it/2aWW,176
https://boxd.it/1Wow,10386
https://boxd.it/rNS0,740985
https://boxd.it/2amk,453
https://boxd.it/1YIe,9426
https://boxd.it/21DG,6479
https://boxd.it/mkbG,87108
https://boxd.it/28PE,1402
https://boxd.it/dX0,45269
https://boxd.it/26ua,2667
https://boxd.it/2b6M,114
https://boxd.it/2b84,106
https://boxd.it/29gg,927
https://boxd.it/29Ge,765
https://boxd.it/28gY,1700
https://boxd.it/25A2,3175
https://boxd.it/28XI,1271
https://boxd.it/2aLu,252
https://boxd.it/2aTI,197
https://boxd.it/1Zpi,9003
https://boxd.it/4Xg0,158015
https://boxd.it/1dy2,34647
https://boxd.it/71a,19
https://boxd.it/1WwA,10331
https://boxd.it/2avw,380
https://boxd.it/2a0o,609
https://boxd.it/1MDQ,15196
https://boxd.it/2bdI,70
https://boxd.it/2wRE,947
https://boxd.it/dZrs,399170
https://boxd.it/6lCG,212778
https://boxd.it/2aZ2,163
https://boxd.it/2192,7191
https://boxd.it/29TM,653
https://boxd.it/1NOK,14574
https://boxd.it/28dK,1725
https://boxd.it/2958,1089
https://boxd.it/29HQ,755
https://boxd.it/2bew,65
https://boxd.it/1Soi,12162
https://boxd.it/1POC,13597
https://boxd.it/29EC,775
https://boxd.it/2a2E,595
https://boxd.it/29Fq,770
https://boxd.it/2a7k,563
https://boxd.it/1yIM,23827
https://boxd.it/28oI,1648
https://boxd.it/1Y7i,9659
https://boxd.it/2auo,391
https://boxd.it/2ara,414
https://boxd.it/24dG,4512
https://boxd.it/29nQ,879
https://boxd.it/1Znm,9016
https://boxd.it/3GPq,109428
https://boxd.it/2adi,525
https://boxd.it/21em,6978
https://boxd.it/2b92,100
https://boxd.it/1Vqm,10776
https://boxd.it/1MJk,15144
https://boxd.it/2asM,402
https://boxd.it/2aRs,215
https://boxd.it/25To,3034
https://boxd.it/2a6G,568
https://boxd.it/29Ug,650
https://boxd.it/28U0,1368
https://boxd.it/25Te,3035
https://boxd.it/29Vy,642
https://boxd.it/230G,5503
https://boxd.it/26zE,2609
https://boxd.it/29eu,938
https://boxd.it/23wi,4982
https://boxd.it/26tG,19614
https://boxd.it/29us,838
https://boxd.it/29Mc,702
https://boxd.it/2aae,544
https://boxd.it/29rI,855
https://boxd.it/29gK,924
https://boxd.it/FRY,49517
https://boxd.it/299E,984
https://boxd.it/1ZBS,8909
https://boxd.it/5Y3e,198184
https://boxd.it/1XVG,9737
https://boxd.it/2aRC,214
https://boxd.it/1ULe,11051
https://boxd.it/29UU,646
https://boxd.it/1SWk,11850
https://boxd.it/1TEw,11522
https://boxd.it/2baE,90
https://boxd.it/2b34,138
https://boxd.it/29Aq,801
https://boxd.it/1S3E,12405
https://boxd.it/26mA,2757
https://boxd.it/2aJS,262
https://boxd.it/71k,18
https://boxd.it/6JwC,228150
https://boxd.it/223a,6114
https://boxd.it/1YYc,9323
https://boxd.it/SLa,44115
https://boxd.it/248c,4553
https://boxd.it/25zS,3176
https://boxd.it/29qK,861
https://boxd.it/1T6O,11778
https://boxd.it/9QRe,308084
https://boxd.it/lnXw,581859
https://boxd.it/1KnG,16307
https://boxd.it/2b1M,146
https://boxd.it/2a3i,591
https://boxd.it/97TE,291270
https://boxd.it/29BS,792
https://boxd.it/29Du,782
https://boxd.it/1VTo,10585
https://boxd.it/1QnM,13342
https://boxd.it/1MR4,15080
https://boxd.it/26tw,2671
https://boxd.it/29oO,873
https://boxd.it/2HvY,77930
https://boxd.it/19pq,36955
https://boxd.it/28Tw,1371
https://boxd.it/1ubO,26280
https://boxd.it/29S0,664
https://boxd.it/288A,1788
https://boxd.it/2a20,599
https://boxd.it/29gA,925
https://boxd.it/29eY,935
https://boxd.it/2aSg,207
https://boxd.it/2apI,426
https://boxd.it/1wX6,24804
https://boxd.it/qH0,55931
https://boxd.it/3tEu,101896
https://boxd.it/1T5w,11787
https://boxd.it/1UTi,11000
https://boxd.it/1YoS,9549
https://boxd.it/bkQW,340837
https://boxd.it/4J8Q,149509
https://boxd.it/4pD0,137113
https://boxd.it/4YaC,158852
https://boxd.it/29RQ,665
https://boxd.it/1YFu,9443
https://boxd.it/2aqm,422
https://boxd.it/2aNA,239
https://boxd.it/2adM,522
https://boxd.it/28xg,1587
https://boxd.it/4VRS,157370
https://boxd.it/20UQ,7459
https://boxd.it/2a7a,564
https://boxd.it/QPk,44896
https://boxd.it/1Uek,11283
https://boxd.it/dMG0,394117
https://boxd.it/28w8,1594
https://boxd.it/29eO,936
https://boxd.it/1Twi,11573
https://boxd.it/1SXi,11843
https://boxd.it/225g,6081
https://boxd.it/1Y1k,9699
https://boxd.it/1w9q,25237
https://boxd.it/12u4,40096
https://boxd.it/qp9e,705996
https://boxd.it/1m8W,30020
https://boxd.it/29Ts,655
https://boxd.it/go9C,458737
https://boxd.it/i4a,59436
https://boxd.it/2bcg,80
https://boxd.it/nrI0,632617
https://boxd.it/Arw0,965150
https://boxd.it/uNIA,817758
https://boxd.it/T18,44012
https://boxd.it/1Sxa,12105
https://boxd.it/1NoM,14784
https://boxd.it/bZtu,355297
https://boxd.it/wUow,872585
https://boxd.it/1vsm,25623
https://boxd.it/1Inu,17609
https://boxd.it/1Vqc,10778
https://boxd.it/20E4,8051
https://boxd.it/dWO4,398173
https://boxd.it/dSAs,396461
https://boxd.it/1UlA,11216
https://boxd.it/1Vmk,10802
https://boxd.it/25ZQ,2989
https://boxd.it/lsew,583406
https://boxd.it/kuy2,559907
https://boxd.it/29Gy,763
https://boxd.it/lbJC,576845
https://boxd.it/iAFu,513434
https://boxd.it/29ZK,615
https://boxd.it/1I0g,17835
https://boxd.it/1Sxk,12104
https://boxd.it/d5ve,376534
https://boxd.it/1U9E,11314
https://boxd.it/2aFQ,290
https://boxd.it/1RFW,12573
https://boxd.it/1RSc,12493
https://boxd.it/ptES,30991
https://boxd.it/kSz4,569094
https://boxd.it/pUfA,693134
https://boxd.it/9riy,297708
https://boxd.it/bj4M,340023
https://boxd.it/1hRs,32044
https://boxd.it/dGNE,391713
https://boxd.it/1Yzm,9482
https://boxd.it/6v16,218894
https://boxd.it/kL7M,566216
https://boxd.it/i4cA,500438
https://boxd.it/Oa,64655
https://boxd.it/R6q,44783
https://boxd.it/3Sqi,116494
https://boxd.it/2QJK,81462
https://boxd.it/fljC,432606
https://boxd.it/1vK6,25476
https://boxd.it/2V3Y,83126
https://boxd.it/2ais,482
https://boxd.it/eCrQ,414419
https://boxd.it/1S9i,12268
https://boxd.it/201Q,8587
https://boxd.it/biIQ,339877
https://boxd.it/28QM,1391
https://boxd.it/29jY,903
https://boxd.it/RRc,44479
https://boxd.it/1I9C,17734
https://boxd.it/i1EQ,499556
https://boxd.it/297o,1018
https://boxd.it/1Qis,13382
https://boxd.it/1Yig,9591
https://boxd.it/1nYO,29204
https://boxd.it/2b5k,123
https://boxd.it/1MX2,15035
https://boxd.it/1Ou2,14239
https://boxd.it/4E5i,146233
https://boxd.it/dVks,397554
https://boxd.it/gY4S,473161
https://boxd.it/zrIe,939842
https://boxd.it/29t0,847
https://boxd.it/c3W6,356298
https://boxd.it/1TjS,11655
https://boxd.it/wMAk,869626
https://boxd.it/20QE,7520
https://boxd.it/1QMM,13121
https://boxd.it/f2jy,425001
https://boxd.it/r0jg,720748
https://boxd.it/oWvI,96213
https://boxd.it/lpbY,582218
https://boxd.it/1YT2,9357
https://boxd.it/7eiG,246355
https://boxd.it/1Y5c,9675
https://boxd.it/2bdS,69
https://boxd.it/29CG,787
https://boxd.it/24u8,4348
https://boxd.it/29Ik,752
https://boxd.it/2ayg,340
https://boxd.it/1jAy,31217
https://boxd.it/1dIQ,34530
https://boxd.it/1dJa,34528
https://boxd.it/948A,290098
https://boxd.it/2a2a,598
https://boxd.it/28xA,1585
https://boxd.it/1TSo,11423
https://boxd.it/2a2Y,593
https://boxd.it/4aPq,127453
https://boxd.it/fGg,60579
https://boxd.it/6D80,223965
https://boxd.it/nYyC,645440
https://boxd.it/1Qdi,13416
https://boxd.it/20VE,7453
https://boxd.it/23wW,4977
https://boxd.it/2aAw,326
https://boxd.it/26ZC,2295
https://boxd.it/1XZS,9708
https://boxd.it/26Fs,2486
https://boxd.it/1ISi,17287
https://boxd.it/6Bky,222661
https://boxd.it/20Z2,7345
https://boxd.it/22m2,5915
https://boxd.it/16G4,38142
https://boxd.it/1P2y,13958
https://boxd.it/2sXo,70665
https://boxd.it/1Yqu,9539
https://boxd.it/20BO,8065
https://boxd.it/1NrQ,14756
https://boxd.it/1xtG,24528
https://boxd.it/1JuG,16915
https://boxd.it/158K,38810
https://boxd.it/1IGQ,17431
https://boxd.it/1Scm,12244
https://boxd.it/18Tu,37169
https://boxd.it/1GXU,18438
https://boxd.it/1EVM,19556
https://boxd.it/1U82,11324
https://boxd.it/H4k,49018
https://boxd.it/Msm,46738
https://boxd.it/1yXW,23631
https://boxd.it/13rq,39538
https://boxd.it/hFO,59678
https://boxd.it/13uE,39513
https://boxd.it/2cnk,68817
https://boxd.it/sKJG,63197
https://boxd.it/421s,122081
https://boxd.it/34PW,86838
https://boxd.it/FQw,49526
https://boxd.it/2BCa,75674
https://boxd.it/4iby,132210
https://boxd.it/43bI,122906
https://boxd.it/4O8G,152532
https://boxd.it/6fRg,209274
https://boxd.it/4Cwc,145197
https://boxd.it/5MP6,191720
https://boxd.it/cJds,367412
https://boxd.it/7kDq,250312
https://boxd.it/4Lgi,150897
https://boxd.it/6hQu,210577
https://boxd.it/3178,85350
https://boxd.it/3RKw,116149
https://boxd.it/7YtA,266856
https://boxd.it/5hla,171274
https://boxd.it/7eoa,246403
https://boxd.it/8006,267480
https://boxd.it/7lqC,250766
https://boxd.it/7tnw,254320
https://boxd.it/8i7u,273481
https://boxd.it/7DPK,258480
https://boxd.it/a6Ke,314029
https://boxd.it/d6bE,376867
https://boxd.it/cUqs,372058
https://boxd.it/b2L0,334541
https://boxd.it/dLd2,393519
https://boxd.it/dgS4,381284
https://boxd.it/9SlO,308266
https://boxd.it/elNg,407806
https://boxd.it/d5ei,376453
https://boxd.it/aboM,315635
https://boxd.it/b8wK,335984
https://boxd.it/2bcA,78
https://boxd.it/dZ5m,399055
https://boxd.it/dzR0,389015
https://boxd.it/dvXe,387426
https://boxd.it/e4uc,400617
https://boxd.it/eCuA,414453
https://boxd.it/evUQ,411741
https://boxd.it/fYso,448444
https://boxd.it/cioI,361292
https://boxd.it/iehK,504608
https://boxd.it/aSVk,331482
https://boxd.it/k1HY,548473
https://boxd.it/loRE,582014
https://boxd.it/2722,2277
https://boxd.it/1IBQ,17483
https://boxd.it/tEvK,788669
https://boxd.it/7G5U,259433
https://boxd.it/ixYo,512218
https://boxd.it/1OUO,14019
https://boxd.it/1GM8,18533
https://boxd.it/1OfQ,14359
https://boxd.it/20n8,8321
https://boxd.it/1MdS,15451
https://boxd.it/207a,8461
https://boxd.it/1ZCw,8905
https://boxd.it/1MKW,15126
https://boxd.it/20qw,8276
https://boxd.it/25aS,3580
https://boxd.it/1TI4,11499
https://boxd.it/20ma,8329
https://boxd.it/1Qr0,13310
https://boxd.it/1ZFA,8885
https://boxd.it/9Y7S,310593
https://boxd.it/b7cO,336222
https://boxd.it/ahPO,318224
https://boxd.it/34Qq,86835
https://boxd.it/ahGW,317952
https://boxd.it/aqAe,61929
https://boxd.it/b6r4,336050
https://boxd.it/ax4E,323929
https://boxd.it/a3I0,312804
https://boxd.it/aktG,319067
https://boxd.it/bR7K,352342
https://boxd.it/9QPM,307931
https://boxd.it/baba,336808
https://boxd.it/baN4,337104
https://boxd.it/aNgQ,329712
https://boxd.it/9UfI,309242
https://boxd.it/aLhM,329004
https://boxd.it/a890,314402
https://boxd.it/11ki,40623
https://boxd.it/17eU,37903
https://boxd.it/1m9g,30018
https://boxd.it/1y2m,24238
https://boxd.it/1zPY,22947
https://boxd.it/1pXe,28227
https://boxd.it/1vWw,25376
https://boxd.it/1zCq,23128
https://boxd.it/1Aqq,22536
https://boxd.it/1dx4,34653
https://boxd.it/8QXu,285700
https://boxd.it/3mDa,97370
https://boxd.it/5FkU,186975
https://boxd.it/8JQG,282983
https://boxd.it/7Ub8,265180
https://boxd.it/7UcA,265189
https://boxd.it/7Ua0,265169
https://boxd.it/7lcA,250658
https://boxd.it/8Djw,280583
https://boxd.it/6A58,221902
https://boxd.it/5kHo,173455
https://boxd.it/3PMA,114982
https://boxd.it/7u46,254578
https://boxd.it/5ePG,169607
https://boxd.it/7i3A,248774
https://boxd.it/1TQW,11439
https://boxd.it/OiI,45958
https://boxd.it/17pS,37828
https://boxd.it/15I4,38568
https://boxd.it/Xfy,42296
https://boxd.it/FaK,49797
https://boxd.it/3wEC,103663
https://boxd.it/2Nju,80215
https://boxd.it/3hBy,94329
https://boxd.it/34Q6,86837
https://boxd.it/3ada,89708
https://boxd.it/2cBG,68722
https://boxd.it/2I9u,78182
https://boxd.it/3wMm,103758
https://boxd.it/3mDE,97365
https://boxd.it/39VA,89501
https://boxd.it/3NXQ,113947
https://boxd.it/3tOu,102001
https://boxd.it/Izo,48392
https://boxd.it/H4a,49020
https://boxd.it/2o7o,72551
https://boxd.it/5Xc,63831
https://boxd.it/2CxU,76025
https://boxd.it/99A,63311
https://boxd.it/2Kzu,79120
https://boxd.it/IMW,48303
https://boxd.it/2AwK,74643
https://boxd.it/2A7g,75491
https://boxd.it/2Pa,65754
https://boxd.it/kfE,58496
https://boxd.it/1Zu8,8967
https://boxd.it/3Ie2,110398
https://boxd.it/4qFw,137698
https://boxd.it/4ive,132344
https://boxd.it/4ZGa,159770
https://boxd.it/4Ota,152795
https://boxd.it/41Xg,121986
https://boxd.it/5B5m,184352
https://boxd.it/50MI,160588
https://boxd.it/4Ovg,152780
https://boxd.it/2Y2O,84338
https://boxd.it/1Nnk,14793
https://boxd.it/1QG0,13168
https://boxd.it/2hnO,69335
https://boxd.it/1wk4,25142
https://boxd.it/1Ooy,14279
https://boxd.it/20MM,7862
https://boxd.it/20ra,8272
https://boxd.it/1SmQ,12172
https://boxd.it/27CY,2015
https://boxd.it/27DW,2009
https://boxd.it/24ui,4347
https://boxd.it/20Jy,7972
https://boxd.it/mGrm,613703
https://boxd.it/yoPa,913816
https://boxd.it/psok,682152
https://boxd.it/qLxM,714888
https://boxd.it/BFl8,996591
https://boxd.it/hXlq,497828
https://boxd.it/nQDE,642538
https://boxd.it/mM02,615777
https://boxd.it/nK2s,639933
https://boxd.it/1T0c,11824
https://boxd.it/2b8o,104
https://boxd.it/byFy,345139
https://boxd.it/2b9Q,95
https://boxd.it/2aEI,297
https://boxd.it/1XGQ,9837
https://boxd.it/1ZB4,8916
https://boxd.it/1SJU,11932
https://boxd.it/hY2,59482
https://boxd.it/1ajy,36568
https://boxd.it/2RLs,81876
https://boxd.it/3DaO,107456
https://boxd.it/2b4w,128
https://boxd.it/1W7A,10494
https://boxd.it/1SDW,11970
https://boxd.it/29Wm,637
https://boxd.it/1WKM,10234
https://boxd.it/1H0Y,18415
https://boxd.it/2588,3597
https://boxd.it/1YSy,9360
https://boxd.it/1EQC,19601
https://boxd.it/1VZQ,10545
https://boxd.it/29n2,884
https://boxd.it/1YNS,9390
https://boxd.it/1W0O,10539
https://boxd.it/F9i,49806
https://boxd.it/1YqY,9536
https://boxd.it/1W0k,10542
https://boxd.it/2bcU,76
https://boxd.it/28zG,1572
https://boxd.it/1YUY,9344
https://boxd.it/2as8,406
https://boxd.it/iFK,59178
https://boxd.it/28Za,1262
https://boxd.it/1lBI,30309
https://boxd.it/igPu,505642
https://boxd.it/2b7q,110
https://boxd.it/2b7K,108
https://boxd.it/2b7A,109
https://boxd.it/1IT6,17281
https://boxd.it/3jIQ,95597
https://boxd.it/2kkI,40652
https://boxd.it/igNS,505600
https://boxd.it/sv94,758866
https://boxd.it/rDUU,736732
https://boxd.it/vFI,53806
https://boxd.it/iEda,514886
https://boxd.it/2aYS,164
https://boxd.it/24IY,4176
https://boxd.it/6gL4,209840
https://boxd.it/mp2,57564
https://boxd.it/1St8,12130
https://boxd.it/29qg,864
https://boxd.it/1YeS,9612
https://boxd.it/29nw,881
https://boxd.it/27EA,2005
https://boxd.it/1Tp2,11621
https://boxd.it/1Wka,10414
https://boxd.it/1XhG,10020
https://boxd.it/28Ew,1541
https://boxd.it/fL8A,443129
https://boxd.it/28VC,1358
https://boxd.it/1UDa,11104
https://boxd.it/1UkW,11220
https://boxd.it/29tE,843
https://boxd.it/u2gE,798286
https://boxd.it/2aN6,242
https://boxd.it/2a4K,581
https://boxd.it/28uQ,1607
https://boxd.it/2aH8,279
https://boxd.it/2aWi,180
https://boxd.it/29NO,692
https://boxd.it/3SWy,116745
https://boxd.it/bDG2,347031
https://boxd.it/1yBc,23965
https://boxd.it/29RG,666
https://boxd.it/1NTU,14537
https://boxd.it/1HuY,18148
https://boxd.it/2aqc,423
https://boxd.it/mNPq,616651
https://boxd.it/2aPw,227
https://boxd.it/2b1i,149
https://boxd.it/9gv2,293970
https://boxd.it/1ZLS,8843
https://boxd.it/2yEi,74903
https://boxd.it/LFu,47046
https://boxd.it/2gF8,67104
https://boxd.it/txhc,785398
https://boxd.it/5MqK,191385
https://boxd.it/pdFq,676581
https://boxd.it/jP62,543580
https://boxd.it/1zzw,23160
https://boxd.it/3fSM,93179
https://boxd.it/12b2,40229
https://boxd.it/BBT6,995133
https://boxd.it/ByDO,994143
https://boxd.it/20Ba,8069
https://boxd.it/DRM,50348
https://boxd.it/2n2s,72976
https://boxd.it/hDPg,489999
https://boxd.it/28ws,1592
https://boxd.it/1TlE,11644
https://boxd.it/29gU,923
https://boxd.it/297I,996
https://boxd.it/17ue,37799
https://boxd.it/rk2O,728874
https://boxd.it/27MO,1949
https://boxd.it/mIuC,614560
https://boxd.it/2490,4547
https://boxd.it/1hck,32389
https://boxd.it/1WJO,10241
https://boxd.it/23Au,4953
https://boxd.it/hf5y,480001
https://boxd.it/o0lq,646389
https://boxd.it/281k,1850
https://boxd.it/nL2y,640146
https://boxd.it/FZRQ,223768
https://boxd.it/OSQ,45713
https://boxd.it/zdfW,934433
https://boxd.it/23Gi,4912
https://boxd.it/2adW,521
https://boxd.it/1On6,14290
https://boxd.it/21mg,6844
https://boxd.it/i8C8,502356
https://boxd.it/Arlc,964980
https://boxd.it/AakQ,958279
https://boxd.it/25Fm,3133
https://boxd.it/1CX2,20763
https://boxd.it/1IDW,17464
https://boxd.it/1Mym,15259
https://boxd.it/1W8o,10489
https://boxd.it/9zOs,301156
https://boxd.it/217q,7219
https://boxd.it/vHpu,840326
https://boxd.it/1kN4,30689
https://boxd.it/4gRs,131172
https://boxd.it/1QXq,13051
https://boxd.it/lMi4,591538
https://boxd.it/1T7i,11775
https://boxd.it/3HKQ,110130
https://boxd.it/2VsY,83288
https://boxd.it/Ivc,48419
https://boxd.it/V9e,43158
https://boxd.it/kNQ,58251
https://boxd.it/8P1a,285024
https://boxd.it/1saE,27274
https://boxd.it/JEa,47886
https://boxd.it/1PSY,13567
https://boxd.it/1Js6,16938
https://boxd.it/20lm,8337
https://boxd.it/294k,1103
https://boxd.it/29Cc,790
https://boxd.it/1Y6O,9663
https://boxd.it/1SJA,11934
https://boxd.it/CoVK,1016084
https://boxd.it/GITi,219084
https://boxd.it/1VIq,10655
https://boxd.it/XS6,42048
https://boxd.it/1PSu,13570
https://boxd.it/ehUs,406227
https://boxd.it/2PLA,81076
https://boxd.it/EZmG,1083860
https://boxd.it/Gzv2,1125953
https://boxd.it/1H9G,18333
https://boxd.it/29Zg,618
https://boxd.it/1vGI,25504
https://boxd.it/1uLM,25955
https://boxd.it/1uBW,26031
https://boxd.it/M6K,46872
https://boxd.it/2bd4,75
https://boxd.it/2b0u,154
https://boxd.it/2b0O,152
https://boxd.it/2b00,157
https://boxd.it/2aYe,168
https://boxd.it/2aXA,172
https://boxd.it/2aXg,174
https://boxd.it/2aUm,193
https://boxd.it/2aTo,199
https://boxd.it/1KMm,16121
https://boxd.it/i7Wm,502030
https://boxd.it/26mg,2759
https://boxd.it/kKsa,566061
https://boxd.it/scR2,751490
https://boxd.it/zsy,52249
https://boxd.it/1XHa,9835
https://boxd.it/1TsA,11598
https://boxd.it/1Ygu,9602
https://boxd.it/29yk,814
https://boxd.it/28sK,1621
https://boxd.it/2062,8469
https://boxd.it/1Mtw,15301
https://boxd.it/20f4,8388
https://boxd.it/1Zdm,9080
https://boxd.it/22Is,5709
https://boxd.it/22Wu,5548
https://boxd.it/1YnK,9556
https://boxd.it/1owc,28940
https://boxd.it/1JAY,16859
https://boxd.it/2aIU,268
https://boxd.it/26mK,2756
https://boxd.it/26VK,2323
https://boxd.it/26yG,2616
https://boxd.it/2asC,403
https://boxd.it/1YdU,9618
https://boxd.it/1sOk,26953
https://boxd.it/2wKe,73922
https://boxd.it/271S,2280
https://boxd.it/1Kpi,16296
https://boxd.it/1YgY,9599
https://boxd.it/1Y9e,9647
https://boxd.it/24GI,4203
https://boxd.it/1YxK,9493
https://boxd.it/1UKK,11054
https://boxd.it/1VtK,10754
https://boxd.it/29e0,941
https://boxd.it/ELg,49964
https://boxd.it/1X4i,10110
https://boxd.it/1ZKq,8852
https://boxd.it/29q6,865
https://boxd.it/c2C,62132
https://boxd.it/1ZqK,8989
https://boxd.it/29BI,793
https://boxd.it/1W4G,10515
https://boxd.it/1SSM,11873
https://boxd.it/1VHW,10658
https://boxd.it/1SZe,11830
https://boxd.it/20dM,8408
https://boxd.it/2bc6,81
https://boxd.it/2aCs,311
https://boxd.it/1dE0,34584
https://boxd.it/1ViW,10823
https://boxd.it/1YWg,9336
https://boxd.it/1MAi,15239
https://boxd.it/29Yi,625
https://boxd.it/27X8,1880
https://boxd.it/1ORq,14052
https://boxd.it/1Yfc,9610
https://boxd.it/1eFy,33914
https://boxd.it/1YUE,9346
https://boxd.it/249E,4543
https://boxd.it/2b9w,97
https://boxd.it/1YkG,9576
https://boxd.it/22go,5961
https://boxd.it/1YV8,9343
https://boxd.it/29Dk,783
https://boxd.it/1KqU,16281
https://boxd.it/1YOm,9387
https://boxd.it/1Lzy,15764
https://boxd.it/1ZPg,8810
https://boxd.it/2av2,387
https://boxd.it/1WJa,10246
https://boxd.it/28yI,1578
https://boxd.it/27LQ,1955
https://boxd.it/1KbK,16395
https://boxd.it/1ZWQ,8689
https://boxd.it/1SCO,11977
https://boxd.it/1JTm,16619
https://boxd.it/1F2S,19494
https://boxd.it/257a,3604
https://boxd.it/1G4q,18910
https://boxd.it/20eq,8393
https://boxd.it/2aii,483
https://boxd.it/28lk,1669
https://boxd.it/267g,2907
https://boxd.it/2ak4,468
https://boxd.it/29lK,892
https://boxd.it/28qY,1633
https://boxd.it/1Uea,11284
https://boxd.it/1WEk,10276
https://boxd.it/29G4,766
https://boxd.it/1Ys6,9529
https://boxd.it/1YSo,9361
https://boxd.it/1YRq,9367
https://boxd.it/29Na,696
https://boxd.it/h0w,12102
https://boxd.it/1UrS,11176
https://boxd.it/29YW,621
https://boxd.it/1JRg,16642
https://boxd.it/27Qm,1924
https://boxd.it/1TOm,11455
https://boxd.it/1wG0,24961
https://boxd.it/27fU,2182
https://boxd.it/1Sdu,12237
https://boxd.it/29M2,703
https://boxd.it/1URQ,11009
https://boxd.it/YPs,41662
https://boxd.it/1Sa6,12262
https://boxd.it/1RLK,12535
https://boxd.it/1VqG,10774
https://boxd.it/1Vma,10803
https://boxd.it/29bg,968
https://boxd.it/28Ow,1410
https://boxd.it/1tsk,26648
https://boxd.it/28BM,1559
https://boxd.it/2HQs,78071
https://boxd.it/1Kvg,16246
https://boxd.it/MmS,46772
https://boxd.it/3hme,94069
https://boxd.it/29fC,931
https://boxd.it/2q,64847
https://boxd.it/1YCA,9461
https://boxd.it/1Ud2,11293
https://boxd.it/26RS,2362
https://boxd.it/OUW,45698
https://boxd.it/1Vpe,10784
https://boxd.it/2440,4593
https://boxd.it/1VGk,10669
https://boxd.it/1weg,25188
https://boxd.it/296g,1051
https://boxd.it/2axM,343
https://boxd.it/29ui,839
https://boxd.it/2982,994
https://boxd.it/29U6,651
https://boxd.it/29B4,797
https://boxd.it/18Im,37247
https://boxd.it/2a6m,571
https://boxd.it/2aIK,269
https://boxd.it/2az4,335
https://boxd.it/29Ag,802
https://boxd.it/2agm,499
https://boxd.it/LZk,46919
https://boxd.it/1j9i,31417
https://boxd.it/1SRY,11878
https://boxd.it/2ajg,475
https://boxd.it/28s6,1626
https://boxd.it/29Ys,624
https://boxd.it/1WLK,10227
https://boxd.it/23O2,4808
https://boxd.it/29p8,871
https://boxd.it/28Cg,1556
https://boxd.it/29bq,967
https://boxd.it/22kA,5925
https://boxd.it/2atK,396
https://boxd.it/29bA,966
https://boxd.it/29oY,872
https://boxd.it/2ahO,490
https://boxd.it/2aRM,213
https://boxd.it/28yo,1580
https://boxd.it/23hW,5156
https://boxd.it/294E,1092
https://boxd.it/1EXI,19542
https://boxd.it/2aQa,223
https://boxd.it/29c4,963
https://boxd.it/2aDK,303
https://boxd.it/29sm,851
https://boxd.it/25Lk,3090
https://boxd.it/29vq,832
https://boxd.it/25MC,3082
https://boxd.it/29ki,901
https://boxd.it/25Ng,3078
https://boxd.it/2aPc,229
https://boxd.it/29ks,900
https://boxd.it/2b3o,136
https://boxd.it/2aMM,244
https://boxd.it/1VoK,10787
https://boxd.it/2b2g,143
https://boxd.it/25PG,3063
https://boxd.it/25Ms,3083
https://boxd.it/1u7s,26317
https://boxd.it/4dW,65203
https://boxd.it/FzU,49637
https://boxd.it/2Y3s,84334
https://boxd.it/27Di,2013
https://boxd.it/2ag2,501
https://boxd.it/1ayS,36443
https://boxd.it/iVOC,521600
https://boxd.it/E3y,50254
https://boxd.it/1tKe,26508
https://boxd.it/9rO,63195
https://boxd.it/C6VM,1008392
https://boxd.it/287i,1807
https://boxd.it/egeg,405473
https://boxd.it/vq4E,833134
https://boxd.it/2avG,379
https://boxd.it/1jMu,31130
https://boxd.it/2a8W,553
https://boxd.it/bPI,62215
https://boxd.it/71E,16
https://boxd.it/7DiG,258216
https://boxd.it/7j9Y,249397
https://boxd.it/2b1W,145
https://boxd.it/28So,1378
https://boxd.it/krga,558582
https://boxd.it/bk7W,340487
https://boxd.it/tJ1q,790416
https://boxd.it/27pg,2114
https://boxd.it/GWmi,1135539
https://boxd.it/H7Pg,1140595
https://boxd.it/H7QI,1140628
https://boxd.it/H7Rc,1140631
https://boxd.it/AsBK,965817
https://boxd.it/d2hI,375262
https://boxd.it/2RHg,81857
https://boxd.it/3d2Y,91410
https://boxd.it/bzq,62321
https://boxd.it/a7ty,314220
https://boxd.it/egko,405544
https://boxd.it/1K0C,16523
https://boxd.it/2Ya4,84287
https://boxd.it/j6ES,526087
https://boxd.it/1wBu,24998
https://boxd.it/1OnK,14285
https://boxd.it/1Row,12698
https://boxd.it/29ZU,614
https://boxd.it/1K3G,16455
https://boxd.it/o0Hc,646380
https://boxd.it/ioLA,508442
https://boxd.it/4KHC,150540
https://boxd.it/2b2A,141
https://boxd.it/p7XS,674324
https://boxd.it/23AO,4951
https://boxd.it/sxVa,760104
https://boxd.it/1EmM,19913
https://boxd.it/fVNI,447365
https://boxd.it/29VS,640
https://boxd.it/9X0m,310131
https://boxd.it/f1TK,424694
https://boxd.it/zPbe,949423
https://boxd.it/2aUc,194
https://boxd.it/293w,1124
https://boxd.it/2b8S,101
https://boxd.it/1Ygk,9603
https://boxd.it/jz2e,537116
https://boxd.it/JY,64682
https://boxd.it/9row,297761
https://boxd.it/dgRU,381283
https://boxd.it/oyws,660120
https://boxd.it/ugoM,804095
https://boxd.it/aXgc,332562
https://boxd.it/o0lg,646385
https://boxd.it/jxmG,536554
https://boxd.it/fxIa,437586
https://boxd.it/s1Ym,87739
https://boxd.it/1UqA,11185
https://boxd.it/lFNu,588890
https://boxd.it/2OCW,80668
https://boxd.it/1oxu,28932
https://boxd.it/1m4K,30049
https://boxd.it/1tBQ,26574
https://boxd.it/zlqy,937369
https://boxd.it/b8vM,335977
https://boxd.it/llco,580489
https://boxd.it/29b6,975
https://boxd.it/29Cm,789
https://boxd.it/OSw,45715
https://boxd.it/1Jzc,16874
https://boxd.it/Acq2,958785
https://boxd.it/iOAe,518978
https://boxd.it/hI40,491472
https://boxd.it/1ZZK,8649
https://boxd.it/2ads,524
https://boxd.it/R08,44826
https://boxd.it/25FG,3131
https://boxd.it/26BU,2567
https://boxd.it/2cAo,68730
https://boxd.it/28vu,1598
https://boxd.it/2aSU,203
https://boxd.it/1WgM,10436
https://boxd.it/gHp0,466420
https://boxd.it/1KIa,16153
https://boxd.it/1Rw6,12637
https://boxd.it/1P1U,13963
https://boxd.it/HO8,48714
https://boxd.it/tlWs,115497
https://boxd.it/1Y3q,9686
https://boxd.it/1XUe,9746
https://boxd.it/fde,60773
https://boxd.it/O2U,46059
https://boxd.it/22fK,5967
https://boxd.it/286E,1811
https://boxd.it/1UsG,11171
https://boxd.it/oigS,653578
https://boxd.it/jJDY,541305
https://boxd.it/mLc2,615677
https://boxd.it/oigy,653574
https://boxd.it/lA0i,586461
https://boxd.it/1PY8,13531
https://boxd.it/25GE,3121
https://boxd.it/2aGa,288
https://boxd.it/mci,57654
https://boxd.it/jlFw,531822
https://boxd.it/yDo4,919573
https://boxd.it/1N6o,14923
https://boxd.it/F0ZY,1084657
https://boxd.it/2aNg,241
https://boxd.it/cNaM,369050
https://boxd.it/DdW,50618
https://boxd.it/mYJI,621076
https://boxd.it/ghkI,455983
https://boxd.it/hmSM,483032
https://boxd.it/nbEc,626332
https://boxd.it/26Fi,2487
https://boxd.it/1Ggm,18818
https://boxd.it/DG,64721
https://boxd.it/3Xbi,119136
https://boxd.it/jACC,537699
https://boxd.it/29tY,841
https://boxd.it/1Yfm,9609
https://boxd.it/1PS0,13573
https://boxd.it/22xa,5822
https://boxd.it/WuM,42600
https://boxd.it/6izE,211014
https://boxd.it/uF8E,814340
https://boxd.it/2aRW,212
https://boxd.it/1ZjE,9040
https://boxd.it/1Mli,15383
https://boxd.it/amRU,320005
https://boxd.it/kP0g,567860
https://boxd.it/rE7a,736769
https://boxd.it/1NjW,14819
https://boxd.it/251c,3782
https://boxd.it/1Tlu,11645
https://boxd.it/1Luy,15804
https://boxd.it/1GRM,18491
https://boxd.it/28PO,1398
https://boxd.it/1JNS,16672
https://boxd.it/1Rio,12761
https://boxd.it/29lg,895
https://boxd.it/1nSw,29259
https://boxd.it/1sBA,27064
https://boxd.it/1myg,29845
https://boxd.it/169Y,38360
https://boxd.it/gvo,60243
https://boxd.it/1IRY,17295
https://boxd.it/298m,992
https://boxd.it/1Dkq,20532
https://boxd.it/Eew,50183
https://boxd.it/1pDe,28422
https://boxd.it/28Q8,1396
https://boxd.it/1j9M,31414
https://boxd.it/4kJC,133919
https://boxd.it/lkba,580175
https://boxd.it/2jTs,48457
https://boxd.it/c7es,357877
https://boxd.it/11aM,40687
https://boxd.it/87IO,270366
https://boxd.it/34d4,86520
https://boxd.it/o2IG,647250
https://boxd.it/21iy,6949
https://boxd.it/28kG,1675
https://boxd.it/2b1C,147
https://boxd.it/28rM,1628
https://boxd.it/285w,1818
https://boxd.it/bpFa,342182
https://boxd.it/49q0,126658
https://boxd.it/7lBq,250771
https://boxd.it/qIBc,713823
https://boxd.it/k5k0,549929
https://boxd.it/w2wQ,848914
https://boxd.it/1Y2i,9693
https://boxd.it/oIv0,664300
https://boxd.it/uGf2,814776
https://boxd.it/m99E,600583
https://boxd.it/EvTK,1070807
https://boxd.it/BMeI,999644
https://boxd.it/2H44,77771
https://boxd.it/1Wzk,10312
https://boxd.it/mYXq,620897
https://boxd.it/20og,8291
https://boxd.it/1KK6,16136
https://boxd.it/1T86,11770
https://boxd.it/1YBi,9470
https://boxd.it/23la,5121
https://boxd.it/2b9c,99
https://boxd.it/iwt0,511809
https://boxd.it/ggMw,455839
https://boxd.it/1iS2,31539
https://boxd.it/yuDE,915935
https://boxd.it/248G,4550
https://boxd.it/3jFC,95453
https://boxd.it/HIzE,1155770
https://boxd.it/HJrw,1156118
https://boxd.it/ErTw,1069193
https://boxd.it/v2h0,823482
https://boxd.it/CyUM,1019939
https://boxd.it/Blzk,988402
https://boxd.it/oiNW,653723
https://boxd.it/549U,162660
https://boxd.it/CJ8,50839
https://boxd.it/jA8W,537476
https://boxd.it/fsJW,435615
https://boxd.it/1ygo,24128
https://boxd.it/1TzQ,11551
https://boxd.it/1Zai,9100
https://boxd.it/2dkw,68427
https://boxd.it/3dBE,91735
https://boxd.it/fTeG,446354
https://boxd.it/1yia,24109
https://boxd.it/dUu2,397243
https://boxd.it/1xfa,24664
https://boxd.it/1R84,12834
https://boxd.it/23c8,5236
https://boxd.it/8Ep6,280922
https://boxd.it/1h8W,32450
https://boxd.it/1SpU,12151
https://boxd.it/p148,671577
https://boxd.it/AOpG,974931
https://boxd.it/u6Z4,800227
https://boxd.it/ikHu,507089
https://boxd.it/j4YQ,525183
https://boxd.it/pu7U,683340
https://boxd.it/a75m,313922
https://boxd.it/FwA2,1098110
https://boxd.it/8Keo,283161
https://boxd.it/1JEw,16814
https://boxd.it/iWAw,522039
https://boxd.it/1cLY,35120
https://boxd.it/gCXw,464578
https://boxd.it/1SZS,11826
https://boxd.it/1Aas,22711
https://boxd.it/1WWy,10158
https://boxd.it/1PFU,13667
https://boxd.it/shJM,753342
https://boxd.it/EviY,1071215
https://boxd.it/vHza,840430
https://boxd.it/1Z6A,9270
https://boxd.it/ham,59967
https://boxd.it/eqFw,61617
https://boxd.it/9Ajq,301337
https://boxd.it/HWVa,1161504
https://boxd.it/1TrW,11602
https://boxd.it/1G62,18900
https://boxd.it/llgK,580629
https://boxd.it/1Cio,21188
https://boxd.it/1hJe,32097
https://boxd.it/vEE2,839369
https://boxd.it/1yVm,23685
https://boxd.it/Cpn0,1016041
https://boxd.it/1Td6,11698
https://boxd.it/1VRi,10599
https://boxd.it/ezZ6,413518
https://boxd.it/2asW,401
https://boxd.it/1U6g,11336
https://boxd.it/XIg,42112
https://boxd.it/3mm4,97252
https://boxd.it/ZuA,41386
https://boxd.it/26K8,2433
https://boxd.it/1TsK,11597
https://boxd.it/m0e6,597088
https://boxd.it/7nZE,252171
https://boxd.it/298w,991
https://boxd.it/fPb4,444652
https://boxd.it/1YE2,9452
https://boxd.it/1G7a,18892
https://boxd.it/1Qi8,13384
https://boxd.it/ASQ2,976584
https://boxd.it/1s1C,27337
https://boxd.it/y9aw,906126
https://boxd.it/1TEc,11524
https://boxd.it/KxIQ,1225708
https://boxd.it/257k,3603
https://boxd.it/fof4,433941
https://boxd.it/iXBg,522369
https://boxd.it/xgoe,881415
https://boxd.it/Gy1U,1125073
https://boxd.it/AlzM,962571
https://boxd.it/cdjy,359246
https://boxd.it/Dbm0,1035982
https://boxd.it/joLi,532973
https://boxd.it/mJu4,614722
https://boxd.it/gJsA,467244
https://boxd.it/ojPk,654170
https://boxd.it/293Q,1116
https://boxd.it/DOOi,1052155
https://boxd.it/Gsyo,1122618
https://boxd.it/HQOW,1158915
https://boxd.it/27Ni,1946
https://boxd.it/CBvq,1020896
https://boxd.it/Iftk,1167027
https://boxd.it/1eoM,34070
https://boxd.it/3Ifa,110390
https://boxd.it/22xO,5817
https://boxd.it/Bt4O,991708
https://boxd.it/qTpG,72792
https://boxd.it/Ezoc,93781
https://boxd.it/KOEc,1232386
https://boxd.it/tlcE,780614
https://boxd.it/rng,55632
https://boxd.it/3aTg,90122
https://boxd.it/psLe,682532
https://boxd.it/7biS,244509
https://boxd.it/jhx4,530382
https://boxd.it/bhFm,339405
https://boxd.it/vqps,833200
https://boxd.it/ByjY,993784
https://boxd.it/6O6,63498
https://boxd.it/1r8W,27713
https://boxd.it/759A,240793
https://boxd.it/KO7s,230364
https://boxd.it/1Efw,19994
https://boxd.it/ATh8,976893
https://boxd.it/1qui,27997
https://boxd.it/3nDA,98048
https://boxd.it/oJcS,664341
https://boxd.it/tbfI,776512
https://boxd.it/28JG,1443
https://boxd.it/1xXQ,24276
https://boxd.it/1V04,10950
https://boxd.it/Arke,964960
https://boxd.it/E34u,1058619
https://boxd.it/vBXU,838190
https://boxd.it/2BiY,74308
https://boxd.it/29wo,826
https://boxd.it/4V3y,156711
https://boxd.it/1A0s,22820
https://boxd.it/1Oqk,14267
https://boxd.it/aMZA,329587
https://boxd.it/2aBO,315
https://boxd.it/CulS,1018088
https://boxd.it/uHgK,815128
https://boxd.it/iE9i,514847
https://boxd.it/A8vi,957304
https://boxd.it/1m9q,30017
https://boxd.it/EzSc,1072584
https://boxd.it/1fR6,33250
https://boxd.it/woVe,858017
https://boxd.it/2b5O,120
https://boxd.it/29Qy,673
https://boxd.it/2aA2,329
https://boxd.it/2a8i,557
https://boxd.it/29QS,671
https://boxd.it/2b5u,122
https://boxd.it/2a88,558
https://boxd.it/2aIg,272
https://boxd.it/29Qo,674
https://boxd.it/29QI,672
https://boxd.it/1RYk,12445
https://boxd.it/20hO,8363
https://boxd.it/dlLM,383498
https://boxd.it/2uds,70160
https://boxd.it/1WQU,10195
https://boxd.it/29Fg,771
https://boxd.it/29Qe,675
https://boxd.it/1WRe,10193
https://boxd.it/1WZM,10138
https://boxd.it/1YzQ,9479
https://boxd.it/1RYu,12444
https://boxd.it/2aZc,162
https://boxd.it/84xS,269149
https://boxd.it/29FU,767
https://boxd.it/70G,22
https://boxd.it/6dxe,207703
https://boxd.it/cqUW,363088
https://boxd.it/29qq,863
https://boxd.it/2a7Y,559
https://boxd.it/15gO,38757
https://boxd.it/b8wA,335983
https://boxd.it/29z8,809
https://boxd.it/2DqA,76338
https://boxd.it/5rje,177572
https://boxd.it/2a1G,601
https://boxd.it/GZY,49047
https://boxd.it/3GNa,109445
https://boxd.it/3sAw,101299
https://boxd.it/3utM,102382
https://boxd.it/2b9m,98
https://boxd.it/29JC,744
https://boxd.it/2D2e,76203
https://boxd.it/28xK,1584
https://boxd.it/17Fc,37724
https://boxd.it/2b68,118
https://boxd.it/1WRy,10191
https://boxd.it/24WQ,3933
https://boxd.it/26EY,2493
https://boxd.it/kOf0,567609
https://boxd.it/g2w,620
https://boxd.it/1GjK,18785
https://boxd.it/1alk,36557
https://boxd.it/29ho,920
https://boxd.it/1VFw,10674
https://boxd.it/4aRw,127585
https://boxd.it/2aGY,280
https://boxd.it/37pC,87827
https://boxd.it/2b3e,137
https://boxd.it/2aQY,218
https://boxd.it/2TTS,82690
https://boxd.it/GZk,49051
https://boxd.it/2ape,429
https://boxd.it/3qjS,99847
https://boxd.it/2Bsu,75656
https://boxd.it/2bfk,58
https://boxd.it/4hka,131631
https://boxd.it/FOA,49538
https://boxd.it/2baO,89
https://boxd.it/bSVc,353081
https://boxd.it/1zaQ,23483
https://boxd.it/28dU,1724
https://boxd.it/1Tey,11688
https://boxd.it/sbHg,84958
https://boxd.it/nmS,57158
https://boxd.it/4hk0,131634
https://boxd.it/1TAY,11544
https://boxd.it/2p2E,72190
https://boxd.it/2bb8,87
https://boxd.it/16Sk,38055
https://boxd.it/2apS,425
https://boxd.it/buJm,343668
https://boxd.it/2aGu,285
https://boxd.it/43aU,122917
https://boxd.it/2aTS,196
https://boxd.it/29F6,772
https://boxd.it/28wi,1593
https://boxd.it/1XCO,9880
https://boxd.it/3GB4,109414
https://boxd.it/1VhY,10830
https://boxd.it/29Xu,630
https://boxd.it/29dc,953
https://boxd.it/2ark,411
https://boxd.it/1W2A,10528
https://boxd.it/1ZLI,8844
https://boxd.it/29rS,854
https://boxd.it/2s9e,70981
https://boxd.it/1WYO,10144
https://boxd.it/5Fvy,187017
https://boxd.it/1XJq,9820
https://boxd.it/3EiO,107985
https://boxd.it/1ZHQ,8871
https://boxd.it/1Wgi,10439
https://boxd.it/1YVC,9340
https://boxd.it/29d2,954
https://boxd.it/1YaQ,9637
https://boxd.it/fDz4,440021
https://boxd.it/bgb6,338967
https://boxd.it/1MLK,15121
https://boxd.it/1ZVo,8699
https://boxd.it/29yY,810
https://boxd.it/EDm,50014
https://boxd.it/2a2O,594
https://boxd.it/280c,1858
https://boxd.it/26YO,2300
https://boxd.it/2aR8,217
https://boxd.it/8lFu,274870
https://boxd.it/1V0y,10947
https://boxd.it/22Vw,5559
https://boxd.it/1A40,22794
https://boxd.it/1WwK,10330
https://boxd.it/26EO,2501
https://boxd.it/2a1w,602
https://boxd.it/a4wE,313297
https://boxd.it/27ug,2080
https://boxd.it/2arO,408
https://boxd.it/1Z2e,9297
https://boxd.it/6KQ4,228967
https://boxd.it/dVI,37686
https://boxd.it/99fw,291805
https://boxd.it/1YVM,9339
https://boxd.it/Zmc,41446
https://boxd.it/1YMA,9398
https://boxd.it/G36,49444
https://boxd.it/27Wk,1885
https://boxd.it/29Cw,788
https://boxd.it/1WRS,10189
https://boxd.it/20Xg,7443
https://boxd.it/8rMc,277216
https://boxd.it/1XVw,9738
https://boxd.it/k3S,58574
https://boxd.it/1VYe,10555
https://boxd.it/PZI,45243
https://boxd.it/1WRo,10192
https://boxd.it/10Tw,40807
https://boxd.it/1SpK,12153
https://boxd.it/29HG,756
https://boxd.it/206m,8467
https://boxd.it/blDa,341012
https://boxd.it/1zWg,22881
https://boxd.it/169a,38365
https://boxd.it/1PIu,13649
https://boxd.it/Aly,51876
https://boxd.it/9n9C,296098
https://boxd.it/29cI,956
https://boxd.it/9XwM,310307
https://boxd.it/103U,41154
https://boxd.it/b5EQ,335797
https://boxd.it/27y8,2048
https://boxd.it/2a0y,608
https://boxd.it/1Xve,9928
https://boxd.it/29cS,955
https://boxd.it/26Eu,2503
https://boxd.it/1XH0,9836
https://boxd.it/1rtq,27581
https://boxd.it/27pU,2109
https://boxd.it/Ba2,51540
https://boxd.it/1Zv6,8960
https://boxd.it/1VCC,10693
https://boxd.it/1Xjs,10009
https://boxd.it/1W2K,10527
https://boxd.it/1Uki,11224
https://boxd.it/aJ5E,328111
https://boxd.it/28sg,1624
https://boxd.it/2Emk,76726
https://boxd.it/2TFm,82654
https://boxd.it/22wQ,5825
https://boxd.it/26EE,2502
https://boxd.it/1WZW,10137
https://boxd.it/8BAU,280217
https://boxd.it/2DEW,76493
https://boxd.it/pzj2,100698
https://boxd.it/28Ym,1267
https://boxd.it/1H7U,18360
https://boxd.it/15HA,38575
https://boxd.it/2w9M,73723
https://boxd.it/2cBm,68724
https://boxd.it/20mE,8326
https://boxd.it/20QY,7518
https://boxd.it/NKc,46195
https://boxd.it/1ZHG,8872
https://boxd.it/1SR0,11887
https://boxd.it/29SY,658
https://boxd.it/16aC,38356
https://boxd.it/3GNY,109439
https://boxd.it/1UPA,11024
https://boxd.it/20iC,8355
https://boxd.it/1VSU,10588
https://boxd.it/21E0,6477
https://boxd.it/1Tpm,11619
https://boxd.it/261s,2978
https://boxd.it/1M50,15512
https://boxd.it/9EhI,302946
https://boxd.it/Mce,46838
https://boxd.it/3GNk,109443
https://boxd.it/29sw,850
https://boxd.it/26uE,2662
https://boxd.it/1Zo0,9012
https://boxd.it/1XYq,9718
https://boxd.it/21mq,6795
https://boxd.it/4exq,129670
https://boxd.it/200S,8619
https://boxd.it/1Tlk,11646
https://boxd.it/299Y,982
https://boxd.it/1fZY,33157
https://boxd.it/4Ym4,158999
https://boxd.it/1YQC,9372
https://boxd.it/18Yu,37137
https://boxd.it/1afQ,36593
https://boxd.it/1Tbu,11708
https://boxd.it/opUg,656663
https://boxd.it/1KpM,16290
https://boxd.it/vfTm,828853
https://boxd.it/1OEw,14158
https://boxd.it/2Ak,65851
https://boxd.it/AOEG,975088
https://boxd.it/eIoS,67507
https://boxd.it/24Es,4233
https://boxd.it/24Ei,4234
https://boxd.it/3yFW,104819
https://boxd.it/1DD8,20352
https://boxd.it/edAy,404368
https://boxd.it/23am,5255
https://boxd.it/6YU,35
https://boxd.it/H4Y,49013
https://boxd.it/18YO,37135
https://boxd.it/5a9m,166426
https://boxd.it/29u8,840
https://boxd.it/ixu4,512200
https://boxd.it/gswA,460465
https://boxd.it/2aCC,310
https://boxd.it/5a9w,166428
https://boxd.it/2aoA,433
https://boxd.it/1V8C,10895
https://boxd.it/1QXg,13053
https://boxd.it/1Irc,17578
https://boxd.it/5Txe,195589
https://boxd.it/1SeC,12230
https://boxd.it/1Xnu,9982
https://boxd.it/2wRk,950
https://boxd.it/28YG,1265
https://boxd.it/1YKY,9408
https://boxd.it/2a3C,588
https://boxd.it/1YAO,9473
https://boxd.it/1fUa,33217
https://boxd.it/9DFE,302699
https://boxd.it/29gq,926
https://boxd.it/e1H8,400106
https://boxd.it/3GAq,109418
https://boxd.it/ae5I,316727
https://boxd.it/8HnW,282035
https://boxd.it/1SfA,12222
https://boxd.it/lQ2,57800
https://boxd.it/28hC,1696
https://boxd.it/fhq,60747
https://boxd.it/1YkQ,9574
https://boxd.it/1WZi,10141
https://boxd.it/1Yyo,9488
https://boxd.it/1S7w,12279
https://boxd.it/rQx0,741968
https://boxd.it/rZlM,745749
https://boxd.it/SX6,44040
https://boxd.it/2pPw,71886
https://boxd.it/24QS,3989
https://boxd.it/1Eyy,19766
https://boxd.it/1RDm,12589
https://boxd.it/1Sys,12096
https://boxd.it/4uRQ,140300
https://boxd.it/1UtE,11165
https://boxd.it/1iz0,31675
https://boxd.it/TsS,43836
https://boxd.it/2ncs,72914
https://boxd.it/gO0w,468996
https://boxd.it/29cy,957
https://boxd.it/28lE,1667
https://boxd.it/1MFW,15171
https://boxd.it/1GGY,18570
https://boxd.it/8wHG,279096
https://boxd.it/6JxU,228165
https://boxd.it/1TRg,11430
https://boxd.it/p4KQ,673175
https://boxd.it/hqu,59859
https://boxd.it/1Spq,12155
https://boxd.it/8wjk,278927
https://boxd.it/2b5E,121
https://boxd.it/20gG,8373
https://boxd.it/1Q6c,13475
https://boxd.it/1NUe,14534
https://boxd.it/1UTW,10996
https://boxd.it/16gq,38317
https://boxd.it/1yhw,24115
https://boxd.it/1Qmu,13353
https://boxd.it/1QDq,13187
https://boxd.it/1YY2,9325
https://boxd.it/29qU,860
https://boxd.it/eS8g,68595
https://boxd.it/5Nx8,1044
https://boxd.it/1N98,14902
https://boxd.it/1XyM,9906
https://boxd.it/1Psm,13768
https://boxd.it/lqPg,582885
https://boxd.it/1Nle,14811
https://boxd.it/1UVS,10982
https://boxd.it/27Ii,1979
https://boxd.it/1ETc,19585
https://boxd.it/2Y2u,84340
https://boxd.it/28HK,1487
https://boxd.it/1Ug6,11253
https://boxd.it/sOYg,766984
https://boxd.it/1P24,13962
https://boxd.it/p17c,671652
https://boxd.it/pdGy,676601
https://boxd.it/hWLi,497520
https://boxd.it/d59C,376482
https://boxd.it/7FZW,259395
https://boxd.it/oDOm,662059
https://boxd.it/rKTa,739815
https://boxd.it/359M,86705
https://boxd.it/iTts,520594
https://boxd.it/cK4w,367735
https://boxd.it/cvdS,364089
https://boxd.it/lRBK,593489
https://boxd.it/4VlC,157050
https://boxd.it/5MBS,191489
https://boxd.it/LS4,46967
https://boxd.it/9SKu,308571
https://boxd.it/4lDU,134469
https://boxd.it/DuEs,1043678
https://boxd.it/2evA,67952
https://boxd.it/f4xW,425841
https://boxd.it/6yRk,221110
https://boxd.it/n93I,625128
https://boxd.it/Bslu,991115
https://boxd.it/PjM,45523
https://boxd.it/2NRQ,80379
https://boxd.it/1kaG,30969
https://boxd.it/5DaI,185574
https://boxd.it/g10W,449674
https://boxd.it/6rBa,216652
https://boxd.it/d9o2,378137
https://boxd.it/3ICI,110549
https://boxd.it/jfyE,529531
https://boxd.it/dScq,396292
https://boxd.it/3EA4,108176
https://boxd.it/kfO,58494
https://boxd.it/6MNc,230158
https://boxd.it/3lQM,96924
https://boxd.it/1l0C,30587
https://boxd.it/aEMS,326665
https://boxd.it/3FOw,108930
https://boxd.it/3sTo,101449
https://boxd.it/fmhs,432959
https://boxd.it/7Pi4,263111
https://boxd.it/1CQU,20837
https://boxd.it/ji64,530584
https://boxd.it/7kmO,250114
https://boxd.it/dJGw,392891
https://boxd.it/XvQ,42189
https://boxd.it/1D0q,20720
https://boxd.it/1NTq,14540
https://boxd.it/1NT6,14542
https://boxd.it/2xXe,75190
https://boxd.it/nukA,633517
https://boxd.it/3EzU,108177
https://boxd.it/2XHG,84154
https://boxd.it/ghRi,456193
https://boxd.it/enRO,408546
https://boxd.it/eUS6,421854
https://boxd.it/lKsc,590872
https://boxd.it/u5W4,799573
https://boxd.it/bfwW,338689
https://boxd.it/20i8,8358
https://boxd.it/27Bw,2024
https://boxd.it/1LOo,15653
https://boxd.it/1LO4,15655
https://boxd.it/1Dxk,20410
https://boxd.it/29me,889
https://boxd.it/1tgS,26743
https://boxd.it/1N3O,14962
https://boxd.it/3z2m,104859
https://boxd.it/1qPq,27850
https://boxd.it/1djc,34766
https://boxd.it/1cB0,35215
https://boxd.it/1yu6,24020
https://boxd.it/1OVW,14008
https://boxd.it/AxY,51786
https://boxd.it/509m,160155
https://boxd.it/1BPw,21481
https://boxd.it/1e9i,34204
https://boxd.it/b5A,62527
https://boxd.it/1AG4,22371
https://boxd.it/1PHw,13655
https://boxd.it/1thQ,26736
https://boxd.it/2ql8,71689
https://boxd.it/1P16,13968
https://boxd.it/1F5s,19458
https://boxd.it/1dHe,34549
https://boxd.it/1U2o,11360
https://boxd.it/25AQ,3170
https://boxd.it/1AeE,22660
https://boxd.it/1ZmI,9021
https://boxd.it/1STg,11870
https://boxd.it/1P8m,13920
https://boxd.it/1USa,11007
https://boxd.it/1YyI,9486
https://boxd.it/1VMM,10628
https://boxd.it/1V4g,10923
https://boxd.it/1UNE,11036
https://boxd.it/1ZAA,8920
https://boxd.it/1PB4,13700
https://boxd.it/1BZc,21385
https://boxd.it/1Ozm,14199
https://boxd.it/1Z3c,9291
https://boxd.it/1PDE,13682
https://boxd.it/18l8,37437
https://boxd.it/2ama,454
https://boxd.it/22cQ,6003
https://boxd.it/OKi,45772
https://boxd.it/1T7s,11774
https://boxd.it/28nq,1656
https://boxd.it/1WNQ,10214
https://boxd.it/1P6q,13932
https://boxd.it/1Tms,11637
https://boxd.it/1LNU,15657
https://boxd.it/1Dhm,20558
https://boxd.it/1xlC,24615
https://boxd.it/28J2,1452
https://boxd.it/20U2,7484
https://boxd.it/1Psw,13767
https://boxd.it/1YuG,9513
https://boxd.it/28ac,1776
https://boxd.it/1XyC,9907
https://boxd.it/1Xr2,9957
https://boxd.it/1Xpg,9969
https://boxd.it/1Xos,9975
https://boxd.it/d32,61717
https://boxd.it/1XaK,10067
https://boxd.it/1OKa,14113
https://boxd.it/1UsQ,11170
https://boxd.it/1PuC,13751
https://boxd.it/1wXq,24801
https://boxd.it/T9w,43960
https://boxd.it/1HfE,18276
https://boxd.it/26s4,2698
https://boxd.it/28Yc,1268
https://boxd.it/oiw2,653528
https://boxd.it/naPy,625651
https://boxd.it/8v4S,278427
https://boxd.it/215Y,7249
https://boxd.it/1R5O,12889
https://boxd.it/1Qx8,13253
https://boxd.it/1MTu,15060
https://boxd.it/1QVY,13061
https://boxd.it/2730,2267
https://boxd.it/1OFY,14144
https://boxd.it/6aci,205567
https://boxd.it/1Ouw,14236
https://boxd.it/1Zui,8966
https://boxd.it/1Tig,11665
https://boxd.it/1Ob0,14405
https://boxd.it/1R2g,13007
https://boxd.it/1T3q,11802
https://boxd.it/20hY,8359
https://boxd.it/lpng,582210
https://boxd.it/9g2O,293766
https://boxd.it/8qXS,276873
https://boxd.it/njXQ,629585
https://boxd.it/f29e,424846
https://boxd.it/f28U,424844
https://boxd.it/f29o,424847
https://boxd.it/plrQ,679171
https://boxd.it/fuUi,436511
https://boxd.it/iMWi,518198
https://boxd.it/8TSM,286835
https://boxd.it/vXMO,847286
https://boxd.it/1Jnq,16996
https://boxd.it/1zgk,23398
https://boxd.it/1Htc,18162
https://boxd.it/1JA0,16866
https://boxd.it/1MEa,15189
https://boxd.it/1MHy,15159
https://boxd.it/1A32,22800
https://boxd.it/1qMQ,27866
https://boxd.it/1twc,26621
https://boxd.it/1Dlo,20526
https://boxd.it/15iK,38745
https://boxd.it/1zKE,23023
https://boxd.it/mueU,608816
https://boxd.it/dbTQ,379170
https://boxd.it/fl5A,432517
https://boxd.it/1zyo,23172
https://boxd.it/OAi,45839
https://boxd.it/1cGu,35169
https://boxd.it/13yG,39486
https://boxd.it/mwV2,609713
https://boxd.it/mwRa,609709
https://boxd.it/mwSs,609716
https://boxd.it/mwHE,609710
https://boxd.it/mwHu,609711
https://boxd.it/mwIM,609714
https://boxd.it/uBH6,812642
https://boxd.it/wls4,856390
https://boxd.it/uDZw,813567
https://boxd.it/mwHY,609703
https://boxd.it/psI,56292
https://boxd.it/eL34,417859
https://boxd.it/4bG,65218
https://boxd.it/gm2,60307
https://boxd.it/F2G,49849
https://boxd.it/2AU8,74465
https://boxd.it/kRS,58224
https://boxd.it/MXY,46529
https://boxd.it/DVu,50321
https://boxd.it/neqs,627394
https://boxd.it/2NF6,80321
https://boxd.it/35Ca,87502
https://boxd.it/4y9S,142563
https://boxd.it/3GEC,109520
https://boxd.it/uYE,54138
https://boxd.it/4p9a,136795
https://boxd.it/3TMY,117263
https://boxd.it/69Qc,205321
https://boxd.it/3GOW,109431
https://boxd.it/2TRW,82702
https://boxd.it/5H9k,188161
https://boxd.it/6HWy,227159
https://boxd.it/6FRG,225886
https://boxd.it/5Qvu,193893
https://boxd.it/8I92,282297
https://boxd.it/6bXY,206647
https://boxd.it/5rI4,177677
https://boxd.it/i9Ta,64439
https://boxd.it/aitE,318256
https://boxd.it/7eJi,246655
https://boxd.it/8KPu,283366
https://boxd.it/brha,342521
https://boxd.it/fPiu,444705
https://boxd.it/hzJy,488223
https://boxd.it/iEEq,515042
https://boxd.it/gh7Y,455980
https://boxd.it/fVA0,447404
https://boxd.it/7WdU,265929
https://boxd.it/1CYY,20737
https://boxd.it/1Sr2,12144
https://boxd.it/204U,8491
https://boxd.it/1VAw,10708
https://boxd.it/1ElO,19933
https://boxd.it/1UuM,11158
https://boxd.it/1YTw,9354
https://boxd.it/10TQ,40805
https://boxd.it/38EI,88751
https://boxd.it/1XUo,9745
https://boxd.it/20v2,8204
https://boxd.it/fgYg,430830
https://boxd.it/1QIg,13151
https://boxd.it/227G,6058
https://boxd.it/1XZ4,9714
https://boxd.it/1YEw,9449
https://boxd.it/1Yey,9614
https://boxd.it/1TgO,11674
https://boxd.it/1XAI,9894
https://boxd.it/1YXI,9327
https://boxd.it/1Zas,9099
https://boxd.it/21fk,6972
https://boxd.it/1ZMw,8839
https://boxd.it/1V8i,10897
https://boxd.it/1URw,11011
https://boxd.it/1VQO,10603
https://boxd.it/1GX6,18444
https://boxd.it/1GoA,18736
https://boxd.it/1P6U,13929
https://boxd.it/1P66,13934
https://boxd.it/5hPu,171536
https://boxd.it/61Wm,200481
https://boxd.it/1o5g,29154
https://boxd.it/1StC,12127
https://boxd.it/118m,40706
https://boxd.it/d2qU,375273
https://boxd.it/q4SW,697932
https://boxd.it/118c,40707
https://boxd.it/1182,40708
https://boxd.it/29yE,812
https://boxd.it/1WpO,10377
https://boxd.it/1Amo,22582
https://boxd.it/zvC,52230
https://boxd.it/ml8S,605116
https://boxd.it/sb2s,750459
https://boxd.it/AHcq,971618
https://boxd.it/wx6k,861165
https://boxd.it/27Wa,1887
https://boxd.it/1PhI,13850
https://boxd.it/1LCi,15739
https://boxd.it/3e76,92060
https://boxd.it/1TIo,11497
https://boxd.it/1QmY,13350
https://boxd.it/1J6a,17159
https://boxd.it/1T1O,11814
https://boxd.it/1V0o,10948
https://boxd.it/1SRa,11886
https://boxd.it/1X3Y,10112
https://boxd.it/1UnQ,11202
https://boxd.it/1Qj6,13377
https://boxd.it/1Wv8,10340
https://boxd.it/1SRu,11881
https://boxd.it/wgk,53565
https://boxd.it/et36,410717
https://boxd.it/6WlM,236028
https://boxd.it/1Q2E,13499
https://boxd.it/2tMc,70338
https://boxd.it/bp7W,342381
https://boxd.it/1P2S,13956
https://boxd.it/H6E2,1139984
https://boxd.it/1EDS,19715
https://boxd.it/23ga,5175
https://boxd.it/23gk,5174
https://boxd.it/1X2m,10122
https://boxd.it/H2W2,1139864
https://boxd.it/1gZU,32536
https://boxd.it/mhFe,603989
https://boxd.it/qp0w,103643
https://boxd.it/wzUw,131372
https://boxd.it/nAAO,636154
https://boxd.it/Ac3M,958435
https://boxd.it/AYX4,978949
https://boxd.it/apZi,321258
https://boxd.it/w1mq,848553
https://boxd.it/1sGg,27022
https://boxd.it/1M5a,15511
https://boxd.it/8hHG,273307
https://boxd.it/8hGo,273296
https://boxd.it/aPna,330388
https://boxd.it/EbzA,1062226
https://boxd.it/IWYq,114655
https://boxd.it/nwD0,634492
https://boxd.it/2b0k,155
https://boxd.it/fA7G,438631
https://boxd.it/70w,24
https://boxd.it/gXGc,473033
https://boxd.it/2b8e,105
https://boxd.it/1WyQ,10315
https://boxd.it/2agc,500
https://boxd.it/72i,12
https://boxd.it/1YPY,9377
https://boxd.it/v2uy,823754
https://boxd.it/290M,1250
https://boxd.it/4vru,140607
https://boxd.it/1NhQ,14836
https://boxd.it/8gw8,273248
https://boxd.it/2aZm,161
https://boxd.it/1lcS,30497
https://boxd.it/29Nu,694
https://boxd.it/glS,60308
https://boxd.it/kmvE,556574
https://boxd.it/27Xs,1878
https://boxd.it/2avQ,378
https://boxd.it/1Xcw,10054
https://boxd.it/1UHQ,11072
https://boxd.it/21aY,7091
https://boxd.it/C0h2,1005159
https://boxd.it/29Pq,680
https://boxd.it/hTha,496243
https://boxd.it/1JzG,16869
https://boxd.it/18U8,37165
https://boxd.it/27Vw,1891
https://boxd.it/21ew,6977
https://boxd.it/1XLm,9806
https://boxd.it/8SeG,286217
https://boxd.it/294O,1091
https://boxd.it/29R2,670
https://boxd.it/2416,4638
https://boxd.it/ajZw,318846
https://boxd.it/1Yyy,9487
https://boxd.it/2b3I,134
https://boxd.it/7Uau,265177
https://boxd.it/1skk,27205
https://boxd.it/gH0O,466272
https://boxd.it/3ZqO,120467
https://boxd.it/bhF2,339403
https://boxd.it/bYJQ,354912
https://boxd.it/1OEc,14160
https://boxd.it/1VEo,10681
https://boxd.it/cjr4,361743
https://boxd.it/fw6O,436969
https://boxd.it/29XE,629
https://boxd.it/20wu,8193
https://boxd.it/nwRw,634649
https://boxd.it/9vE4,299534
https://boxd.it/9fOC,293660
https://boxd.it/1xFW,24428
https://boxd.it/bC8e,346364
https://boxd.it/24EC,4232
https://boxd.it/27US,1895
https://boxd.it/26x4,2640
https://boxd.it/mLqS,615457
https://boxd.it/2aqw,421
https://boxd.it/kv0q,559969
https://boxd.it/gzu2,463257
https://boxd.it/28Em,1542
https://boxd.it/18YE,37136
https://boxd.it/1SyM,12094
https://boxd.it/e436,400608
https://boxd.it/7au4,244001
https://boxd.it/iTxY,520777
https://boxd.it/nwlq,634541
https://boxd.it/h4cS,475557
https://boxd.it/8MHs,284054
https://boxd.it/H3m,49026
https://boxd.it/2awE,350
https://boxd.it/lCXQ,587792
https://boxd.it/1En6,19908
https://boxd.it/sbGW,85271
https://boxd.it/bUeE,353486
https://boxd.it/28DI,1547
https://boxd.it/dgSy,381288
https://boxd.it/2a3M,587
https://boxd.it/9yzw,300669
https://boxd.it/29I0,754
https://boxd.it/FPS,49530
https://boxd.it/4aAA,127380
https://boxd.it/77xu,242224
https://boxd.it/27x0,2059
https://boxd.it/5xlK,181812
https://boxd.it/27Vc,1893
https://boxd.it/1QCM,13193
https://boxd.it/1VHi,10663
https://boxd.it/t2bi,772272
https://boxd.it/cYke,373841
https://boxd.it/k1eC,548257
https://boxd.it/u8C2,800937
https://boxd.it/28dA,1726
https://boxd.it/jWEA,546554
https://boxd.it/1SsE,12133
https://boxd.it/B3qu,980908
https://boxd.it/hK9G,492300
https://boxd.it/hQYU,495319
https://boxd.it/29y0,816
https://boxd.it/29xQ,817
https://boxd.it/1XaU,10066
https://boxd.it/bQm,62211
https://boxd.it/aZiu,333371
https://boxd.it/E8uM,1060605
https://boxd.it/29xG,818
https://boxd.it/2a0I,607
https://boxd.it/2bbs,85
https://boxd.it/8T0q,286532
https://boxd.it/pHfs,99581
https://boxd.it/16T8,38050
https://boxd.it/29ry,856
https://boxd.it/vpEG,833097
https://boxd.it/1RD2,12591
https://boxd.it/27ww,2062
https://boxd.it/2b6C,115
https://boxd.it/7bQA,244786
https://boxd.it/1NOg,14577
https://boxd.it/1SFI,11959
https://boxd.it/mMAY,616037
https://boxd.it/2a4q,583
https://boxd.it/8vLW,278717
https://boxd.it/284e,1832
https://boxd.it/2aoU,431
